{
    "xa": {
        "C10": 35.21933542766848,
        "C13": 30.805843601498715,
        "C18": 11.708203932499288,
        "C19": 6.708203932499288,
        "C30": 32.32373206058758,
        "C33": 24.292080710576904,
        "C35": 18.461128815731605,
        "C40": 53.20934077146199,
        "C44": 56.20934077146199,
        "C50": 43.989796314169105,
        "C59": 42.6929037140838,
        "C61": 23.48353100178523,
        "C85": 48.017862505362984,
        "C95": 23.58698189061022,
        "C98": 29.99010612804307,
        "D0": null,
        "D1": 0.0,
        "S0": 0.0,
        "S13": 1.4317424498052063,
        "S15": 0.0,
        "S3": 0.0,
        "S7": 0.0
    },
    "xgamma": {
        "('C10', 'C10')": null,
        "('C10', 'C13')": -0.0,
        "('C10', 'C18')": -0.0,
        "('C10', 'C19')": 0.0,
        "('C10', 'C30')": 0.0,
        "('C10', 'C33')": 0.0,
        "('C10', 'C35')": 0.0,
        "('C10', 'C40')": 0.0,
        "('C10', 'C44')": 0.0,
        "('C10', 'C50')": -0.0,
        "('C10', 'C59')": 0.0,
        "('C10', 'C61')": 0.0,
        "('C10', 'C85')": -0.0,
        "('C10', 'C95')": 0.0,
        "('C10', 'C98')": -0.0,
        "('C10', 'D0')": null,
        "('C10', 'D1')": 0.0,
        "('C10', 'S0')": 1.0,
        "('C10', 'S13')": -0.0,
        "('C10', 'S15')": -0.0,
        "('C10', 'S3')": 0.0,
        "('C10', 'S7')": -0.0,
        "('C13', 'C10')": 0.0,
        "('C13', 'C13')": null,
        "('C13', 'C18')": 0.0,
        "('C13', 'C19')": 0.0,
        "('C13', 'C30')": 0.0,
        "('C13', 'C33')": 0.0,
        "('C13', 'C35')": 0.0,
        "('C13', 'C40')": 0.0,
        "('C13', 'C44')": 0.0,
        "('C13', 'C50')": 0.0,
        "('C13', 'C59')": 0.0,
        "('C13', 'C61')": 0.0,
        "('C13', 'C85')": 0.0,
        "('C13', 'C95')": 0.0,
        "('C13', 'C98')": 0.0,
        "('C13', 'D0')": null,
        "('C13', 'D1')": 1.0,
        "('C13', 'S0')": 0.0,
        "('C13', 'S13')": 0.0,
        "('C13', 'S15')": 0.0,
        "('C13', 'S3')": 0.0,
        "('C13', 'S7')": 0.0,
        "('C18', 'C10')": -0.0,
        "('C18', 'C13')": -0.0,
        "('C18', 'C18')": null,
        "('C18', 'C19')": 1.0,
        "('C18', 'C30')": -0.0,
        "('C18', 'C33')": -0.0,
        "('C18', 'C35')": -0.0,
        "('C18', 'C40')": 0.0,
        "('C18', 'C44')": -0.0,
        "('C18', 'C50')": -0.0,
        "('C18', 'C59')": 0.0,
        "('C18', 'C61')": 0.0,
        "('C18', 'C85')": 0.0,
        "('C18', 'C95')": -0.0,
        "('C18', 'C98')": -0.0,
        "('C18', 'D0')": null,
        "('C18', 'D1')": 0.0,
        "('C18', 'S0')": 0.0,
        "('C18', 'S13')": -0.0,
        "('C18', 'S15')": -0.0,
        "('C18', 'S3')": -0.0,
        "('C18', 'S7')": -0.0,
        "('C19', 'C10')": -0.0,
        "('C19', 'C13')": -0.0,
        "('C19', 'C18')": -0.0,
        "('C19', 'C19')": null,
        "('C19', 'C30')": -0.0,
        "('C19', 'C33')": 0.0,
        "('C19', 'C35')": -0.0,
        "('C19', 'C40')": 0.0,
        "('C19', 'C44')": -0.0,
        "('C19', 'C50')": -0.0,
        "('C19', 'C59')": 0.0,
        "('C19', 'C61')": 0.0,
        "('C19', 'C85')": 0.0,
        "('C19', 'C95')": -0.0,
        "('C19', 'C98')": -0.0,
        "('C19', 'D0')": null,
        "('C19', 'D1')": -0.0,
        "('C19', 'S0')": -0.0,
        "('C19', 'S13')": -0.0,
        "('C19', 'S15')": -0.0,
        "('C19', 'S3')": -0.0,
        "('C19', 'S7')": 1.0,
        "('C30', 'C10')": -0.0,
        "('C30', 'C13')": -0.0,
        "('C30', 'C18')": 1.0,
        "('C30', 'C19')": -0.0,
        "('C30', 'C30')": null,
        "('C30', 'C33')": -0.0,
        "('C30', 'C35')": -0.0,
        "('C30', 'C40')": -0.0,
        "('C30', 'C44')": -0.0,
        "('C30', 'C50')": -0.0,
        "('C30', 'C59')": 0.0,
        "('C30', 'C61')": 0.0,
        "('C30', 'C85')": 0.0,
        "('C30', 'C95')": -0.0,
        "('C30', 'C98')": -0.0,
        "('C30', 'D0')": null,
        "('C30', 'D1')": -0.0,
        "('C30', 'S0')": -0.0,
        "('C30', 'S13')": -0.0,
        "('C30', 'S15')": -0.0,
        "('C30', 'S3')": -0.0,
        "('C30', 'S7')": -0.0,
        "('C33', 'C10')": -0.0,
        "('C33', 'C13')": 0.0,
        "('C33', 'C18')": -0.0,
        "('C33', 'C19')": -0.0,
        "('C33', 'C30')": -0.0,
        "('C33', 'C33')": null,
        "('C33', 'C35')": 1.0,
        "('C33', 'C40')": 0.0,
        "('C33', 'C44')": -0.0,
        "('C33', 'C50')": -0.0,
        "('C33', 'C59')": 0.0,
        "('C33', 'C61')": 0.0,
        "('C33', 'C85')": 0.0,
        "('C33', 'C95')": 0.0,
        "('C33', 'C98')": 0.0,
        "('C33', 'D0')": null,
        "('C33', 'D1')": -0.0,
        "('C33', 'S0')": -0.0,
        "('C33', 'S13')": -0.0,
        "('C33', 'S15')": -0.0,
        "('C33', 'S3')": 0.0,
        "('C33', 'S7')": -0.0,
        "('C35', 'C10')": -0.0,
        "('C35', 'C13')": 0.0,
        "('C35', 'C18')": -0.0,
        "('C35', 'C19')": 0.0,
        "('C35', 'C30')": -0.0,
        "('C35', 'C33')": 0.0,
        "('C35', 'C35')": null,
        "('C35', 'C40')": 0.0,
        "('C35', 'C44')": -0.0,
        "('C35', 'C50')": -0.0,
        "('C35', 'C59')": 0.0,
        "('C35', 'C61')": 0.0,
        "('C35', 'C85')": 0.0,
        "('C35', 'C95')": 0.0,
        "('C35', 'C98')": 0.0,
        "('C35', 'D0')": null,
        "('C35', 'D1')": -0.0,
        "('C35', 'S0')": -0.0,
        "('C35', 'S13')": 1.0,
        "('C35', 'S15')": -0.0,
        "('C35', 'S3')": 0.0,
        "('C35', 'S7')": -0.0,
        "('C40', 'C10')": -0.0,
        "('C40', 'C13')": 0.0,
        "('C40', 'C18')": -0.0,
        "('C40', 'C19')": -0.0,
        "('C40', 'C30')": -0.0,
        "('C40', 'C33')": -0.0,
        "('C40', 'C35')": -0.0,
        "('C40', 'C40')": null,
        "('C40', 'C44')": -0.0,
        "('C40', 'C50')": 1.0,
        "('C40', 'C59')": 0.0,
        "('C40', 'C61')": -0.0,
        "('C40', 'C85')": -0.0,
        "('C40', 'C95')": -0.0,
        "('C40', 'C98')": -0.0,
        "('C40', 'D0')": null,
        "('C40', 'D1')": -0.0,
        "('C40', 'S0')": -0.0,
        "('C40', 'S13')": -0.0,
        "('C40', 'S15')": -0.0,
        "('C40', 'S3')": -0.0,
        "('C40', 'S7')": -0.0,
        "('C44', 'C10')": 0.0,
        "('C44', 'C13')": 0.0,
        "('C44', 'C18')": -0.0,
        "('C44', 'C19')": 0.0,
        "('C44', 'C30')": 0.0,
        "('C44', 'C33')": -0.0,
        "('C44', 'C35')": -0.0,
        "('C44', 'C40')": 1.0,
        "('C44', 'C44')": null,
        "('C44', 'C50')": -0.0,
        "('C44', 'C59')": 0.0,
        "('C44', 'C61')": 0.0,
        "('C44', 'C85')": 0.0,
        "('C44', 'C95')": 0.0,
        "('C44', 'C98')": -0.0,
        "('C44', 'D0')": null,
        "('C44', 'D1')": 0.0,
        "('C44', 'S0')": 0.0,
        "('C44', 'S13')": 0.0,
        "('C44', 'S15')": -0.0,
        "('C44', 'S3')": 0.0,
        "('C44', 'S7')": -0.0,
        "('C50', 'C10')": -0.0,
        "('C50', 'C13')": 0.0,
        "('C50', 'C18')": -0.0,
        "('C50', 'C19')": -0.0,
        "('C50', 'C30')": -0.0,
        "('C50', 'C33')": 1.0,
        "('C50', 'C35')": -0.0,
        "('C50', 'C40')": -0.0,
        "('C50', 'C44')": -0.0,
        "('C50', 'C50')": null,
        "('C50', 'C59')": 0.0,
        "('C50', 'C61')": -0.0,
        "('C50', 'C85')": 0.0,
        "('C50', 'C95')": -0.0,
        "('C50', 'C98')": -0.0,
        "('C50', 'D0')": null,
        "('C50', 'D1')": -0.0,
        "('C50', 'S0')": -0.0,
        "('C50', 'S13')": -0.0,
        "('C50', 'S15')": -0.0,
        "('C50', 'S3')": -0.0,
        "('C50', 'S7')": -0.0,
        "('C59', 'C10')": 0.0,
        "('C59', 'C13')": 0.0,
        "('C59', 'C18')": 0.0,
        "('C59', 'C19')": 0.0,
        "('C59', 'C30')": -0.0,
        "('C59', 'C33')": -0.0,
        "('C59', 'C35')": -0.0,
        "('C59', 'C40')": -0.0,
        "('C59', 'C44')": 0.0,
        "('C59', 'C50')": -0.0,
        "('C59', 'C59')": null,
        "('C59', 'C61')": 1.0,