{
    "xa": {
        "C1": 27.379861131522304,
        "C20": 59.68112612771619,
        "C27": 52.401016238435666,
        "C44": 28.631287590426275,
        "C45": 26.631287590426417,
        "C47": 21.63128759042651,
        "C51": 14.560219778561034,
        "C64": 54.1344718719117,
        "C66": 16.5529453572468,
        "C68": 57.1344718719117,
        "C78": 65.66695402640542,
        "C84": 32.96623105046186,
        "C89": 25.966231050461857,
        "C9": 20.09975124224178,
        "C91": 22.360679774997863,
        "D0": null,
        "D1": 0.0,
        "S0": 0.0,
        "S15": 0.0,
        "S19": 25.1344718719117
    },
    "xgamma": {
        "('C1', 'C1')": null,
        "('C1', 'C20')": -0.0,
        "('C1', 'C27')": 0.0,
        "('C1', 'C44')": -0.0,
        "('C1', 'C45')": 0.0,
        "('C1', 'C47')": 0.0,
        "('C1', 'C51')": 0.0,
        "('C1', 'C64')": -0.0,
        "('C1', 'C66')": 0.0,
        "('C1', 'C68')": -0.0,
        "('C1', 'C78')": 0.0,
        "('C1', 'C84')": -0.0,
        "('C1', 'C89')": -0.0,
        "('C1', 'C9')": 1.0,
        "('C1', 'C91')": -0.0,
        "('C1', 'D0')": null,
        "('C1', 'D1')": -0.0,
        "('C1', 'S0')": -0.0,
        "('C1', 'S15')": 0.0,
        "('C1', 'S19')": -0.0,
        "('C20', 'C1')": -0.0,
        "('C20', 'C20')": null,
        "('C20', 'C27')": 1.0,
        "('C20', 'C44')": 0.0,
        "('C20', 'C45')": -0.0,
        "('C20', 'C47')": -0.0,
        "('C20', 'C51')": 0.0,
        "('C20', 'C64')": -0.0,
        "('C20', 'C66')": 0.0,
        "('C20', 'C68')": -0.0,
        "('C20', 'C78')": 0.0,
        "('C20', 'C84')": 0.0,
        "('C20', 'C89')": 0.0,
        "('C20', 'C9')": 0.0,
        "('C20', 'C91')": 0.0,
        "('C20', 'D0')": null,
        "('C20', 'D1')": 0.0,
        "('C20', 'S0')": -0.0,
        "('C20', 'S15')": -0.0,
        "('C20', 'S19')": 0.0,
        "('C27', 'C1')": 0.0,
        "('C27', 'C20')": 0.0,
        "('C27', 'C27')": null,
        "('C27', 'C44')": 1.0,
        "('C27', 'C45')": 0.0,
        "('C27', 'C47')": 0.0,
        "('C27', 'C51')": -0.0,
        "('C27', 'C64')": 0.0,
        "('C27', 'C66')": -0.0,
        "('C27', 'C68')": -0.0,
        "('C27', 'C78')": 0.0,
        "('C27', 'C84')": 0.0,
        "('C27', 'C89')": 0.0,
        "('C27', 'C9')": 0.0,
        "('C27', 'C91')": 0.0,
        "('C27', 'D0')": null,
        "('C27', 'D1')": -0.0,
        "('C27', 'S0')": -0.0,
        "('C27', 'S15')": -0.0,
        "('C27', 'S19')": -0.0,
        "('C44', 'C1')": 0.0,
        "('C44', 'C20')": 0.0,
        "('C44', 'C27')": 0.0,
        "('C44', 'C44')": null,
        "('C44', 'C45')": 1.0,
        "('C44', 'C47')": -0.0,
        "('C44', 'C51')": -0.0,
        "('C44', 'C64')": -0.0,
        "('C44', 'C66')": -0.0,
        "('C44', 'C68')": -0.0,
        "('C44', 'C78')": 0.0,
        "('C44', 'C84')": 0.0,
        "('C44', 'C89')": 0.0,
        "('C44', 'C9')": 0.0,
        "('C44', 'C91')": 0.0,
        "('C44', 'D0')": null,
        "('C44', 'D1')": 0.0,
        "('C44', 'S0')": 0.0,
        "('C44', 'S15')": 0.0,
        "('C44', 'S19')": 0.0,
        "('C45', 'C1')": 0.0,
        "('C45', 'C20')": 0.0,
        "('C45', 'C27')": 0.0,
        "('C45', 'C44')": 0.0,
        "('C45', 'C45')": null,
        "('C45', 'C47')": 1.0,
        "('C45', 'C51')": 0.0,
        "('C45', 'C64')": 0.0,
        "('C45', 'C66')": -0.0,
        "('C45', 'C68')": 0.0,
        "('C45', 'C78')": 0.0,
        "('C45', 'C84')": 0.0,
        "('C45', 'C89')": 0.0,
        "('C45', 'C9')": 0.0,
        "('C45', 'C91')": 0.0,
        "('C45', 'D0')": null,
        "('C45', 'D1')": 0.0,
        "('C45', 'S0')": 0.0,
        "('C45', 'S15')": -0.0,
        "('C45', 'S19')": -0.0,
        "('C47', 'C1')": 0.0,
        "('C47', 'C20')": 0.0,
        "('C47', 'C27')": 0.0,
        "('C47', 'C44')": 0.0,
        "('C47', 'C45')": 0.0,
        "('C47', 'C47')": null,
        "('C47', 'C51')": 1.0,
        "('C47', 'C64')": 0.0,
        "('C47', 'C66')": -0.0,
        "('C47', 'C68')": 0.0,
        "('C47', 'C78')": 0.0,
        "('C47', 'C84')": 0.0,
        "('C47', 'C89')": 0.0,
        "('C47', 'C9')": 0.0,
        "('C47', 'C91')": 0.0,
        "('C47', 'D0')": null,
        "('C47', 'D1')": -0.0,
        "('C47', 'S0')": -0.0,
        "('C47', 'S15')": 0.0,
        "('C47', 'S19')": 0.0,
        "('C51', 'C1')": 0.0,
        "('C51', 'C20')": 0.0,
        "('C51', 'C27')": 0.0,
        "('C51', 'C44')": 0.0,
        "('C51', 'C45')": 0.0,
        "('C51', 'C47')": 0.0,
        "('C51', 'C51')": null,
        "('C51', 'C64')": 0.0,
        "('C51', 'C66')": 0.0,
        "('C51', 'C68')": 0.0,
        "('C51', 'C78')": 0.0,
        "('C51', 'C84')": 0.0,
        "('C51', 'C89')": 0.0,
        "('C51', 'C9')": 0.0,
        "('C51', 'C91')": 0.0,
        "('C51', 'D0')": null,
        "('C51', 'D1')": -0.0,
        "('C51', 'S0')": -0.0,
        "('C51', 'S15')": 1.0,
        "('C51', 'S19')": 0.0,
        "('C64', 'C1')": 0.0,
        "('C64', 'C20')": 0.0,
        "('C64', 'C27')": 0.0,
        "('C64', 'C44')": -0.0,
        "('C64', 'C45')": -0.0,
        "('C64', 'C47')": -0.0,
        "('C64', 'C51')": 0.0,
        "('C64', 'C64')": null,
        "('C64', 'C66')": -0.0,
        "('C64', 'C68')": 0.0,
        "('C64', 'C78')": -0.0,
        "('C64', 'C84')": -0.0,
        "('C64', 'C89')": 0.0,
        "('C64', 'C9')": 0.0,
        "('C64', 'C91')": 0.0,
        "('C64', 'D0')": null,
        "('C64', 'D1')": 0.0,
        "('C64', 'S0')": 0.0,
        "('C64', 'S15')": 0.0,
        "('C64', 'S19')": 1.0,
        "('C66', 'C1')": 0.0,
        "('C66', 'C20')": 0.0,
        "('C66', 'C27')": 0.0,
        "('C66', 'C44')": 0.0,
        "('C66', 'C45')": 0.0,
        "('C66', 'C47')": 0.0,
        "('C66', 'C51')": 0.0,
        "('C66', 'C64')": 0.0,
        "('C66', 'C66')": null,
        "('C66', 'C68')": 0.0,
        "('C66', 'C78')": 0.0,
        "('C66', 'C84')": 0.0,
        "('C66', 'C89')": 0.0,
        "('C66', 'C9')": 0.0,
        "('C66', 'C91')": 0.0,
        "('C66', 'D0')": null,
        "('C66', 'D1')": 1.0,
        "('C66', 'S0')": -0.0,
        "('C66', 'S15')": -0.0,
        "('C66', 'S19')": 0.0,
        "('C68', 'C1')": 0.0,
        "('C68', 'C20')": 0.0,
        "('C68', 'C27')": 0.0,
        "('C68', 'C44')": 0.0,
        "('C68', 'C45')": -0.0,
        "('C68', 'C47')": -0.0,
        "('C68', 'C51')": 0.0,
        "('C68', 'C64')": 1.0,
        "('C68', 'C66')": -0.0,
        "('C68', 'C68')": null,
        "('C68', 'C78')": -0.0,
        "('C68', 'C84')": 0.0,
        "('C68', 'C89')": 0.0,
        "('C68', 'C9')": 0.0,
        "('C68', 'C91')": 0.0,
        "('C68', 'D0')": null,
        "('C68', 'D1')": 0.0,
        "('C68', 'S0')": 0.0,
        "('C68', 'S15')": -0.0,
        "('C68', 'S19')": -0.0,
        "('C78', 'C1')": 0.0,
        "('C78', 'C20')": 0.0,
        "('C78', 'C27')": 0.0,
        "('C78', 'C44')": 0.0,
        "('C78', 'C45')": 0.0,
        "('C78', 'C47')": 0.0,
        "('C78', 'C51')": 0.0,
        "('C78', 'C64')": 0.0,
        "('C78', 'C66')": -0.0,
        "('C78', 'C68')": 0.0,
        "('C78', 'C78')": null,
        "('C78', 'C84')": 1.0,
        "('C78', 'C89')": -0.0,
        "('C78', 'C9')": 0.0,
        "('C78', 'C91')": -0.0,
        "('C78', 'D0')": null,
        "('C78', 'D1')": 0.0,
        "('C78', 'S0')": 0.0,
        "('C78', 'S15')": 0.0,
        "('C78', 'S19')": 0.0,
        "('C84', 'C1')": 0.0,
        "('C84', 'C20')": 0.0,
        "('C84', 'C27')": 0.0,
        "('C84', 'C44')": 0.0,
        "('C84', 'C45')": 0.0,
        "('C84', 'C47')": 0.0,
        "('C84', 'C51')": 0.0,
        "('C84', 'C64')": 0.0,
        "('C84', 'C66')": 0.0,
        "('C84', 'C68')": 0.0,
        "('C84', 'C78')": 0.0,
        "('C84', 'C84')": null,
        "('C84', 'C89')": 1.0,
        "('C84', 'C9')": 0.0,
        "('C84', 'C91')": -0.0,
        "('C84', 'D0')": null,